Stasiun;Latitude;Longitude;
Adi Soemarmo (SMO);-7,512970;110,747900;
Aek Loba (AKB);2,651563;99,615940;
Air Asam  (ASM);-3,647430;104,300800;
Air Tawar (ATR);-0,900429;100,350915;
Alastua (ATA);-6,984170;110,475400;
Ambarawa (ABR);-7,265270;110,401324;
Ancol (AC);-6,128250;106,845000;
Andir (AND);-6,907950;107,579300;
Angke (AK);-6,142830;106,800600;
Aras Kabu (ARB);3,612704;98,847970;
Argopuro (AGO);-8,183470;114,369200;
Arjasa (AJ);-8,129050;113,743300;
Arjawinangun (AWN);-6,644750;108,414600;
Awipari (AW);-7,353210;108,273800;
Babadan (BBD);-7,587210;111,589100;
Babakan (BBK);-6,860810;108,719800;
Babat (BBT);-7,106350;112,168800;
Bagor (BGR);-7,571470;111,852500;
Bahlias (BLI);3,201835;99,340500;
Bajalinggei (BJL);3,167337;99,111060;
Bamban (BMB);3,438496;99,167020;
Bandar Khalipah (BAP);3,593746;98,754920;
Bandar Tinggi (BDT);3,284627;99,303590;
Bandara Internasional Minangkabau (BIM);-0,783456;100,286379;
Bandung (BD);-6,914410;107,602500;
Bangil (BG);-7,600990;112,781800;
Bangoduwa (BDW);-6,663120;108,460200;
Bangsalsari (BSS);-8,202320;113,531600;
Banjar (BJR);-7,375800;108,542300;
Banjarkemantren (BJK);-7,411070;112,726400;
Banjarsari (BJI);-3,676620;103,698600;
Banyuwangi Kota (BWI);-8,226290;114,341700;
Baron (BRN);-7,602870;112,039000;
Batang (BTG);-6,906350;109,732700;
Batang Baru (BTG);-6,909939;109,747582;
Batang Kuis (BTK);3,611824;98,801770;
Batu Tabal (BTL);-0,543660;100,522500;
Batuceper (BPR);-6,172060;106,665400;
Baturaja (BTA);-4,127950;104,161400;
Batutulis (BTT);-6,626690;106,810100;
Bayeman (BYM);-7,734860;113,118800;
Bedono (BDN);-7,309094;110,353009;
Bekasi (BKS);-6,235850;106,998300;
Bekasitimur (BKST);-6,246490;107,018000;
Bekri (BKI);-5,072610;105,136200;
Belatung (BLT);-4,024400;104,231500;
Belawan (BLW);3,778173;98,681730;
Belimbing Air Kaka (BIK);-3,991070;104,291800;
Belimbing Pendopo (BIB);-3,443380;103,975600;
Benowo (BNW);-7,234200;112,616300;
Benteng (BET);-7,213460;112,739200;
Besitang (BSG);4,042927;98,185900;
Binjai (BIJ);3,609740;98,497990;
Blambangan Pagar (BBA);-4,895170;105,039400;
Blambangan Umpu (BBU);-4,498060;104,520200;
Blimbing (BMG);-7,939870;112,644700;
Blitar (BL);-8,101380;112,162600;
Bogor (BOO);-6,594000;106,790700;
Bogor Paledang (BOP);-6,597119;106,790396;
Boharan (BH);-7,387040;112,620700;
Bojonegoro (BJ);-7,163410;111,885800;
Bojong (BJG);-7,346820;108,429200;
Bojong Gede (BJD);-6,493240;106,795000;
Bojong Indah (BOI);-6,159650;106,737100;
Bowerno (BWO);-7,131290;112,099700;
Brambanan (BBN);-7,756560;110,499800;
Branti (BTI);-5,256260;105,179100;
Brebes (BB);-6,874370;109,043200;
Brumbung (BBG);-7,025410;110,522000;
Buaran (BUA);-6,216200;106,928000;
Buduran (BDR);-7,427430;112,723000;
Bukitputus (BKP);-0,985310;100,385300;
Bulakamba (BKA);-6,876025;108,948560;
Bumiayu (BMA);-7,237263;109,009824;
Bumiwaluya (BMW);-7,058640;108,070900;
Bungamas (BGM);-3,703300;103,368200;
Bunut (BUU);3,001708;99,599820;
Butuh (BTH);-7,724360;109,858500;
Cakung (CUK);-6,219140;106,952400;
Candimas (CMS);-4,850190;104,924100;
Cangkring (CNK);-6,679560;108,500800;
Caruban (CRB);-7,550840;111,655900;
Catang (CT);-6,268300;106,267100;
Cawang (CW);-6,242360;106,858700;
Cempaka (CEP);-4,793740;104,819600;
Ceper (CE);-7,669120;110,674900;
Cepu (CU);-7,153710;111,591900;
Cerme (CME);-7,224500;112,571300;
Ciamis (CI);-7,329190;108,356000;
Cianjur (CJ);-6,824470;107,142800;
Ciawi (CAW);-7,157340;108,145700;
Cibadak (CBD);-6,888230;106,780400;
Cibatu (CB);-7,099750;107,980000;
Cibeber (CBB);-6,937530;107,121100;
Cibinong (CBN);-6,464030;106,852700;
Cibitung (CIT);-6,261600;107,084200;
Cibungur (CBR);-6,467800;107,479400;
Cicalengka (CCL);-6,981580;107,832800;
Cicayur (CC);-6,329530;106,618800;
Cicurug (CCR);-6,790470;106,779700;
Cigading (CGD);-6,022890;105,963900;
Ciganea (CA);-6,573450;107,430800;
Cigombong (CGB);-6,742280;106,802900;
Cikadongdong (CD);-6,715630;107,390800;
Cikampek (CKP);-6,406440;107,458900;
Cikarang (CKR);-6,254830;107,144600;
Cikaum (CKM);-6,435370;107,738800;
Cikeusal (CKL);-6,217840;106,244900;
Cikini (CKI);-6,198860;106,841500;
Cikoya (CKY);-6,335730;106,412000;
Cikudapateuh (CTH);-6,918740;107,626000;
Cilacap (CP);-7,733280;109,007200;
Cilaku (CLK);-6,887915;107,126426;
Cilame (CLE);-6,803330;107,463500;
Cilebut (CLT);-6,530500;106,800600;
Ciledug (CLD);-6,902700;108,744300;
Cilegeh (CLH);-6,463930;108,035300;
Cilegon (CLG);-6,019660;106,053100;
Cilejit (CJT);-6,353970;106,509500;
Cimahi (CMI);-6,885790;107,536200;
Cimekar (CMK);-6,949650;107,714500;
Cimindi (CMD);-6,896130;107,561300;
Ciomas (CS);-6,663650;106,816946;
Cipari (CPI);-7,440420;108,761600;
Cipatat (CPT);-6,821600;107,386100;
Cipeundeuy (CPD);-7,093670;108,101100;
Cipeuyeum (CPY);-6,818510;107,298100;
Cipinang (CPN);-6,214230;106,886100;
Cipunegara (CRA);-6,455340;107,882900;
Cirahayu (CAA);-7,134350;108,118000;
Ciranjang (CRJ);-6,814040;107,251300;
Cirebon (CN);-6,705420;108,555400;
Cirebon Prujakan (CNP);-6,719740;108,558400;
Cireungas (CRG);-6,958500;107,037400;
Ciroyom (CIR);-6,913900;107,590300;
Cisaat (CSA);-6,914070;106,887400;
Cisauk (CSK);-6,324770;106,641100;
Cisomang (CG);-6,686103;107,397984;
Citayam (CTA);-6,450110;106,802100;
Citeras (CTR);-6,335120;106,332200;
Comal (CO);-6,909000;109,536200;
Curahmalang (CRM);-7,506690;112,370800;
Daru (DAR);-6,338220;106,493100;
Dawuan (DWN);-6,392970;107,433200;
Delanggu (DL);-7,622670;110,706400;
Depok (DP);-6,404780;106,817100;
Depok Baru (DPB);-6,390910;106,821700;
Dolok Merangir (DMR);3,117442;99,116960;
Doplang (DPL);-7,182940;111,287400;
Duduk (DD);-7,154850;112,520500;
Duku (DUK);-0,787340;100,316900;
Duren Kalibata (DRN);-6,255280;106,855100;
Duri (DU);-6,155770;106,801300;
Dusun (DSU);3,127869;99,509580;
Gadobangkong (GK);-6,864580;107,514800;
Gambir (GMR);-6,177230;106,830800;
Gambringan (GBN);-7,143750;110,915000;
Gandasoli (GDS);-6,941310;106,992300;
Gandrungmangun (GDM);-7,525830;108,856700;
Gang Sentiong (GST);-6,186280;106,850900;
Garahan (GRN);-8,224560;113,896000;
Garum (GRM);-8,073610;112,216900;
Garuntang (GR);-5,435070;105,298300;
Garut (GRT);-7,211630;107,904700;
Gawok (GW);-7,589640;110,744500;
Gedangan (GDG);-7,388930;112,728700;
Gedebage (GDB);-6,940620;107,689600;
Gedung Ratu (GDR);-5,336610;105,217100;
Gelumbang (GLB);-3,245400;104,442500;
Gembong (GEB);-7,102380;112,222200;
Geneng (GG);-7,499230;111,419400;
Giham (GHM);-4,420440;104,494000;
Gilas (GLS);-4,263820;104,283700;
Glenmore (GLM);-8,299190;114,048900;
Glumbang (GLB);-3,244847;104,442440;
Gombong (GB);-7,610780;109,507800;
Gondangdia (GDD);-6,185820;106,832600;
Goprak (GPK);-7,273220;110,896900;
Grati (GI);-7,717370;113,011400;
Gresik (GS);-7,153340;112,641200;
Grogol (GRG);-6,162080;106,788800;
Gubug (GUB);-7,061010;110,669400;
Gumilir (GM);-7,684910;109,042400;
Gundih (GD);-7,219010;110,900100;
Gunung Putri (GPI);-6,471771;106,888408;
Gunungmegang (GNM);-3,454090;103,866800;
Hagelo (HL);2,859228;99,6392300;
Haji Pamanggilan (HJP);-5,002240;105,107000;
Haurgeulis (HGL);-6,458420;107,940900;
Haurpugur (HRP);-6,980740;107,799800;
Ijo (IJ);-7,615220;109,446800;
Indarung (IDA);-0,950080;100,467300;
Indihiang (IH);-7,286720;108,200900;
Indro (IDO);-7,191020;112,655000;
Jakarta Gudang (JAKG);-6,132030;106,816900;
Jakarta Kota (JAKK);-6,136940;106,816600;
Jambon (JBN);-7,151570;111,012600;
Jambu Baru (JBU);-6,302950;106,260500;
Jatibarang (JTB);-6,472870;108,306400;
Jatinegara (JNG);-6,214880;106,870300;
Jatiroto (JTR);-8,123400;113,365500;
Jayakarta (JYK);-6,141310;106,823100;
Jember (JR);-8,165250;113,702900;
Jemursari (JMS);-7,329230;112,731400;
Jenar (JN);-7,802570;110,001200;
Jerakah (JRK);-6,980400;110,362300;
Jeruklegi (JRL);-7,622700;109,017900;
Jombang (JG);-7,557910;112,233500;
Juanda (JUA);-6,166710;106,830600;
Jurangmangu (JMU);-6,288620;106,729000;
Kacang (KCN);-0,613530;100,574200;
Kadipiro (KDO);-7,530390;110,818300;
Kadokangabus (KAB);-6,467800;108,107300;
Kalibalangan (KAG);-4,866500;104,972900;
Kalibaru (KBR);-8,288760;113,983300;
Kalibodri (KBD);-6,973790;110,147700;
Kalideres (KDS);-6,165830;106,703900;
Kalimas (KLM);-7,218270;112,735200;
Kalioso (KO);-7,466020;110,805000;
Kalisat (KLT);-8,127040;113,812600;
Kalisetail (KSL);-8,302830;114,140000;
Kalitidu (KIT);-7,132420;111,767300;
Kaliwedi (KLW);-6,586700;108,385200;
Kaliwungu (KLN);-6,959140;110,254000;
Kampung Bandan (KPB);-6,132560;106,828600;
Kampung Jua (KAJ);-0,963140;100,417300;
Kampung Rambutan (KAM);-6,309344;106,884391;
Kandang Ampat (KDP);-0,502050;100,338900;
Kandangan (KDA);-7,251010;112,658300;
Kapas (KPS);-7,199810;111,934500;
Kapuan (KPA);-7,188350;111,556100;
Karang Anyar (KA);-7,633290;109,573500;
Karang Endah (KED);-3,304060;104,395900;
Karang Gandul (KGD);-7,388490;109,185800;
Karang Sari (KRAI);-7,382240;109,121200;
Karang Sari (KRR);-7,382444;109,121064;
Karang Talun (KRL);-7,685820;109,023700;
Karang Tengah (KE);-6,896410;106,822400;
Karangantu (KRA);-6,039150;106,161900;
Karanganyar (KA);-7,632884;109,573571;
Karanggandul (KGD);-7,388122;109,186096;
Karangjati (KGT);-7,101530;110,779700;
Karangkandri (KKD);-7,668650;109,071100;
Karangpucung (KNP);-7,352680;108,493900;
Karangsari (KRR);-7,097600;107,931000;
Karangsono (KSO);-7,196260;110,825400;
Karangtalun Ii (KRL);-7,684527;109,023166;
Karangtengah (KE);-6,896043;106,822438;
Karawang (KW);-6,305010;107,300200;
Karet (KAT);-6,200680;106,815600;
Kasugihan (KH);-7,617600;109,120900;
Kawunganten (KWG);-7,590430;108,919300;
Kayu Tanam (KTN);-0,547890;100,331100;
Kebasen (KBS);-7,530160;109,203200;
Kebayoran (KBY);-6,237220;106,782600;
Kebonromo (KRO);-7,418980;111,064200;
Kebumen (KM);-7,681870;109,662100;
Kedinding (KDN);-7,436260;112,553300;
Kediri (KD);-7,817170;112,015400;
Kedokangabus (KAB);-6,467696;108,106809;
Kedundang (KDG);-7,877010;110,102600;
Kedungbanteng (KDB);-7,405320;111,117300;
Kedunggalar (KG);-7,418420;111,306600;
Kedunggedeh (KDH);-6,269440;107,258900;
Kedungjati (KEJ);-7,163260;110,635500;
Kemelak (KMK);-4,155610;104,181300;
Kemayoran (KMO);-6,161670;106,841600;
Kemiri (KMR);-7,532400;110,902200;
Kemranjen (KJ);-7,621310;109,315200;
Kepanjen (KPN);-8,132000;112,573200;
Kepayang (KPY);-4,011040;104,266100;
Kertapati (KPT);-3,017650;104,751100;
Kertasemaya (KTM);-6,528320;108,353400;
Kertomenanggal (KTL);-7,340260;112,729600;
Kertosono (KTS);-7,591890;112,099500;
Kesamben (KSB);-8,149260;112,363500;
Ketanggungan (KGG);-6,938490;108,884100;
Ketapang (KTG);-8,140900;114,397700;
Kiaracondong (KAC);-6,925010;107,646500;
Kisaran (KIS);2,986457;99,6196100;
Klakah (KK);-7,994050;113,248800;
Klari (KLI);-6,350580;107,346500;
Klaten (KT);-7,712500;110,603100;
Klender (KLD);-6,213210;106,899800;
Klender Baru (KLDB);-6,217550;106,939700;
Kosambi (KOS);-6,369260;107,375000;
Kota Baru (KBU);-3,731790;104,331900;
Kotabumi (KB);-4,821940;104,881400;
Kotapadang (KOP);-3,425880;102,967100;
Kotok (KTK);-8,126040;113,779100;
Kradenan (KNN);-7,149930;111,146400;
Kramat (KMT);-6,193660;106,856500;
Kranji (KRI);-6,223630;106,978600;
Krass (KRS);-7,948770;111,960100;
Krenceng (KEN);-6,009520;106,024200;
Krengseng (KNS);-6,951790;110,025100;
Kretek (KRT);-7,285760;109,029900;
Krian (KRN);-7,407870;112,588900;
Kroya (KYA);-7,630170;109,253400;
Krueng Geukueh (KRG);5,247623;97,020509;
Krueng Mane (KRM);5,251268;96,922570;
Kuala Bingei (KBG);3,707505;98,429170;
Kualanamu (KNM);3,634657;98,878082;
Kubu Kerambil (KKR);-0,485360;100,467900;
Kurai Tadji (KI);-0,633100;100,170300;
Kuripan (KRP);-6,923710;109,894500;
Kutoarjo (KTA);-7,726060;109,90720;
Kutowinangun (KWN);-7,717050;109,735100;
Labuan (LBU);3,735062;98,6772300;
Labuan Ratu (LAR);-5,372560;105,252400;
Lahat (LT);-3,789400;103,537400;
Lamongan (LMG);-7,112520;112,420100;
Lampegan (LP);-6,949900;107,061500;
Langen (LN);-7,360250;108,636500;
Larangan (LRA);-6,9897600;108,948000;
Larangan (Tegal) (LR);-6,867983;109,185762;
Laut Tador (LTD);3,2818120;99,255440;
Lawang (LW);-7,836640;112,697800;
Lebakjero (LBJ);-7,053610;107,894000;
Lebeng (LBG);-7,621340;109,076400;
Leces (LEC);-7,845420;113,228600;
Ledokombo (LDO);-8,140360;113,875400;
Leles (LL);-7,084420;107,899800;
Lemahabang (LMB);-6,270640;107,179700;
Lembak (LEB);-3,342210;104,341500;
Lempuyangan (LPN);-7,790020;110,375400;
Lenteng Agung (LNA);-6,330560;106,834800;
Leuwigoong (LO);-7,103310;107,958276;
Lidah Tanah (LDT);3,562412;99,016170;
Lima Puluh (LMP);3,173587;99,412600;
Linggapura (LG);-7,185120;109,012500;
Losari (LOS);-6,846230;108,801900;
Lubuk Alung (LA);-0,678560;100,289300;
Lubuk Batang (LBT);-4,057330;104,217700;
Lubuk Buaya (LBY);-0,833500;100,327796;
Lubuk Linggau (LLG);-3,294040;102,864300;
Lubuk Pakam (LBP);3,563906;98,878680;
Lubuk Rukam (LRM);-3,932880;104,340400;
Luwung (LWG);-6,777450;108,593200;
Madiun (MN);-7,618410;111,527400;
Magetan (MAG);-7,562040;111,451000;
Maguwo (MGW);-7,784810;110,437800;
Maja (MJ);-6,332510;106,396200;
Malang (ML);-7,977800;112,637200;
Malang Kota Lama (MLK);-7,994730;112,632300;
Malasan (MLS);-7,887050;113,260800;
Mambang Muda (MBM);2,565412;99,651019;
Mampang (MPG);-6,205530;106,838600;
Mangga Besar (MGB);-6,149090;106,826900;
Manggarai (MRI);-6,210630;106,849900;
Mangkang (MKG);-6,971150;110,303000;
Mangli (MI);-8,191010;113,648100;
Manonjaya (MNJ);-7,352560;108,301600;
Maos (MA);-7,619170;109,139470;
Marbau (MBU);2,260688;99,820880;
Margorejo (MGJ);-7,313900;112,734600;
Martapura (MP);-4,316460;104,346600;
Masaran (MSR);-7,467570;110,947900;
Maseng (MSG);-6,702560;106,814500;
Maswati (MSI);-6,760800;107,408800;
Matraman (MTR);-6,212489;106,859988;
Medan (MDN);3,590627;98,680040;
Meluwung (MLW);-7,394570;108,699600;
Membang Muda (MBM);2,565365;99,650970;
Merak (MER);-5,930360;105,997100;
Merapi (MRP);-3,739540;103,676000;
Mesigit (MST);-7,233630;112,728300;
Metur (MET);-3,790750;104,344900;
Minggiran (MGN);-7,728180;112,057400;
Mojokerto (MR);-7,472520;112,436300;
Mrawan (MRW);-8,272550;113,926200;
Muaragula (MRL);-3,585950;103,775900;
Muarakalaban (MKB);-0,711650;100,788100;
Muaralawai (MLI);-3,653370;103,733300;
Muaraenim (ME);-3,648060;103,780200;
Muaragula (MRL);-3,585851;103,775748;
Muarasaling (MSL);-3,432730;103,041400;
Nagreg (NG);-7,018200;107,886100;
Nambo (NMO);-6,466640;106,906600;
Naras (NRS);-0,570840;100,097800;
Negara Ratu (NRR);-4,656790;104,737600;
Negri Agung (NGN);-4,572550;104,606000;
Ngabean (NBN);-7,803076;110,356310;
Ngadiluwih (NDL);-7,898420;111,987800;
Ngagel (NGA);-7,288660;112,747800;
Nganjuk (NJ);-7,600290;111,902700;
Ngawi (NGW);-7,442520;111,387900;
Ngebruk (NB);-8,152210;112,517200;
Ngrombo (NBO);-7,145260;110,900700;
Ngujang (NJG);-8,010460;111,926900;
Ngunut (NT);-8,102940;112,012000;
Niru (NRU);-3,454330;104,065500;
Notog (NTG);-7,485970;109,213200;
Pabuaran (PAB);-6,408980;107,584100;
Padalarang (PDL);-6,842840;107,497500;
Padang (PD);-0,941610;100,373800;
Padang Halaban (PHA);2,315082;99,820300;
Padang Panjang (PP);-0,464090;100,395800;
Padas (PDS);-7,179290;110,671600;
Pagar Gunung (PGG);-3,687350;104,317100;
Pagerwojo (PWJ);-7,441860;112,715300;
Pakisaji (PSI);-8,069250;112,598400;
Palmerah (PLM);-6,207420;106,797400;
Palur (PL);-7,568520;110,874500;
Pamingke (PME);2,376970;99,760830;
Pangkalan Brandan (PBD);4,022344;98,290536;
Panjang (PJN);-5,462210;105,317000;
Panunggalan (PNL);-7,152700;111,061200;
Papar (PPR);-7,697640;112,079600;
Pariaman (PMN);-0,626860;100,116400;
Paron (PA);-7,442520;111,387900;
Parung Kuda (PRK);-6,846970;106,760600;
Parung Panjang (PRP);-6,344320;106,569800;
Pasar Minggu (PSM);-6,282760;106,844900;
Pasar Nguter (PNT);-7,742131;110,879564;
Pasar Senen (PSE);-6,174370;106,844500;
Pasar Usang (PRU);-0,736520;100,310500;
Pasarnguter (PNT);-7,742550;110,880300;
Pasirbungur (PAS);-6,426210;107,688600;
Pasirjengkol (PSJ);-7,127900;107,992300;
Pasoso (POO);-6,109480;106,889700;
Pasuruan (PS);-7,637980;112,910200;
Patuguran (PAT);-7,328300;109,057800;
Patukan (PTN);-7,790710;110,326000;
Pauh Kambar (PAK);-0,651360;100,219700;
Pauh Lima (IMA);-0,937630;100,434900;
Payakabung (PYK);-3,199370;104,604500;
Pegaden Baru (PGB);-6,453810;107,817100;
Pekalongan (PK);-6,889810;109,663300;
Pemalang (PML);-6,886980;109,386400;
Penanggiran (PNG);-3,481790;103,813200;
Penimur (PNM);-3,445920;104,155900;
Peninjawan (PNW);-3,879880;104,376300;
Perbaungan (PBA);3,566853;98,951440;
Perlanaan (PRA);3,175903;99,365060;
Pesing (PSG);-6,161310;106,772200;
Petarukan (PTA);-6,897550;109,449400;
Peterongan (PTR);-7,541740;112,279400;
Pidada (PID);-5,459610;105,315600;
Plabuan (PLB);-6,919910;109,956400;
Plered (PLD);-6,640633;107,391118;
Pohgajih (PGJ);-8,157110;112,420400;
Pondok Cina (POC);-6,368950;106,832100;
Pondok Jati (POK);-6,209570;106,862500;
Pondok Ranji (PDJ);-6,276190;106,744800;
Poris (PI);-6,169810;106,680700;
Porong (PR);-7,537680;112,70170;
Prabumulih (PBM);-3,433170;104,241000;
Prabumulih Baru (PBR X6);-3,462001;104,235737;
Prembun (PRB);-7,724360;109,797800;
Pringkasap (PRI);-6,418020;107,634100;
Probolinggo (PB);-7,742530;113,216300;
Prupuk (PPK);-7,122260;108,985200;
Pucuk (PC);-7,097530;112,269700;
Pulo Brayan (PUB);3,632375;98,670450;
Pulu Raja (PUR);2,697268;99,617130;
Purwakarta (PWK);-6,552740;107,446500;
Purwoasri (PWA);-7,647420;112,100000;
Purwokerto (PWT);-7,419550;109,221900;
Purworejo (PWR);-7,708610;110,011300;
Purwosari (PWS);-7,561450;110,796600;
Rajapolah (RJP);-7,219570;108,191200;
Rajawali (RJW);-6,145920;106,837100;
Rambipuji (RBP);-8,203320;113,614300;
Rambutan (RMT);3,377643;99,168410;
Rampah (RPH);3,485746;99,138400;
Rancaekek (RCK);-6,964770;107,755900;
Randegan (RDN);-7,569910;109,220000;
Randuagung (RDA);-8,069850;113,304900;
Randublatung (RBG);-7,191750;111,396500;
Rangkasbitung (RK);-6,352570;106,252700;
Rantau Prapat (RAP);2,113614;99,8178300;
Ranuyoso (RN);-7,953060;113,236600;
Rawa Buaya (RW);-6,162890;106,722500;
Rawa Buntu (RU);-6,315130;106,675500;
Rejosari (RJS);-5,294130;105,187800;
Rejoso (RO);-7,691330;112,967800;
Rejotangan (RJ);-8,121020;112,081300;
Rendeh (RH);-6,736210;107,398500;
Rengas (RGS);-5,133970;105,154600;
Rewulu (RWL);-7,796100;110,284200;
Rogojampi (RGP);-8,304590;114,292100;
Salem (SLM);-7,395610;110,827300;
Saradan (SRD);-7,547690;111,733800;
Sasaksaat (SKT);-6,780570;107,432200;
Saungnaga (SNA);-3,625990;103,189400;
Sawah Besar (SW);-6,160880;106,827700;
Sawah Lunto (SWL);-0,682840;100,777000;
Sawotratap (STP);-7,371290;112,729400;
Sedadi (SDI);-7,14080;110,849000;
Sei Bejangkar (SBJ);3,106712;99,556020;
Semarang Poncol (SMC);-6,972100;110,415600;
Semarang Tawang (SMT);-6,964360;110,427600;
Sembung (SMB);-7,582450;112,167000;
Sempolan (SPL);-8,193400;113,896600;
Sengon (SN);-7,755070;112,724500;
Sentiong (GST);-6,185971;106,850674;
Sentolo (STL);-7,833320;110,220100;
Sepancar (SPC);-4,184290;104,210200;
Sepanjang (SPJ);-7,346940;112,697800;
Serang (SG);-6,112260;106,159200;
Serdang (SDN);-3,219890;104,523000;
Serpong (SRP);-6,320180;106,665700;
Siantar (SIR);2,959451;99,061750;
Sicincin (SCN);-0,566030;100,277900;
Sidareja (SDR);-7,486110;108,806800;
Sidoarjo (SDA);-7,456840;112,712600;
Sidotopo (SDT);-7,236150;112,757100;
Sikampuh (SKP);-7,625870;109,197400;
Simpang (SIG);-3,104430;104,699300;
Sindanglaut (SDU);-6,832880;108,625600;
Singkarak (SKA);-0,692260;100,599800;
Singojuruh (SGJ);-8,306600;114,239700;
Singosari (SGS);-7,896880;112,66600;
Situngir (SIU);2,492853;99,678340;
Slawi (SLW);-6,982750;109,136500;
Soekarno-Hatta (BST);-6,127132;106,652977;
Soka (SOA);-7,679010;109,639600;
Solobalapan (SLO);-7,556390;110,821900;
Solo Jebres (SK);-7,562100;110,839400;
Solok (SLK);-0,786970;100,655100;
Solo-Kota (SKA);-7,575590;110,836400;
Songgom (SGG);-7,024280;108,988900;
Sragen (SR);-7,429120;111,019300;
Sragi (SRI);-6,923710;109,571700;
Srowot (SWT);-7,741500;110,549600;
Sruweng (SRW);-7,654650;109,602400;
Sudimara (SDM);-6,296990;106,712700;
Sudirman (SUD);-6,202240;106,823400;
Sukabumi (SI);-6,925010;106,929200;
Sukacinta (SCT);-3,778190;103,625400;
Sukamenanti (SKN);-5,469620;105,324000;
Sukamerindu (SKU);-3,596470;104,276200;
Sukaraja (SUA);-3,663370;103,271900;
Sukatani (SUT);-6,611150;107,408200;
Sukoharjo (SKH);-7,679660;110,843600;
Sukomoro (SKM);-7,602810;111,943800;
Sukorejo (SKJ);-7,719310;112,723500;
Sulur (SL);-7,174370;111,223200;
Sulusuban (SLS);-4,946250;105,083200;
Sumber Gempol (SBL);-8,082270;111,944600;
Sumber Lawang (SUM);-7,327510;110,863800;
Sumber Pucung (SBP);-8,158440;112,479500;
Sumber Wadung (SWD);-8,301700;114,105700;
Sumberejo (SRJ);-7,177830;112,001700;
Sumbergempol (SBL);-8,082348;111,944715;
Sumberlawang (SUM);-7,327783;110,863833;
Sumberpucung (SBP);-8,158271;112,478413;
Sumberwadung (SWD);-8,301743;114,105367;
Sumobito (SBO);-7,518770;112,340900;
Sumpiuh (SPH);-7,614680;109,364500;
Sungai Lagoa (SAO);-6,108380;106,887900;
Sungai Lassi (SNI);-0,773580;100,732600;
Sungai Tuha (SGT);-4,281450;104,319700;
Surabaya Gubeng (SGU);-7,265120;112,752100;
Surabaya Kota (SB);-7,243140;112,742000;
Surabaya Pasarturi (SBI);-7,247480;112,731500;
Surabayan (SBN);-7,093940;112,321700;
Suradadi (SD);-6,880440;109,275500;
Susuhan (SS);-7,771190;112,0260000;
Tabing (TAB);-0,866690;100,342400;
Tagogapu (TAU);-6,811060;107,464900;
Talang Baru (TLB);-3,844920;104,363300;
Talangpadang (TLP);-3,450450;104,018900;
Talun (TAL);-8,091610;112,288400;
Taman Kota (TKO);-6,15860;106,756000;
Tambak (TBK);-7,613240;109,407400;
Tambun (TB);-6,258430;107,056000;
Tanah Abang (THB);-6,185820;106,810800;
Tanah Tinggi (TTI);-6,175250;106,646500;
Tandes (TES);-7,258820;112,687000;
Tangerang (TNG);-6,176890;106,632800;
Tanggul (TGL);-8,162860;113,447900;
Tanggulangin (TGA);-7,507480;112,70750;
Tanggung (TGG);-7,091510;110,60340;
Tanjung (TGN);-6,876870;108,861100;
Tanjung Balai (TNB);2,968812;99,802400;
Tanjung Barat (TNT);-6,307660;106,838900;
Tanjung Enim Baru (TMB);-3,707460;103,798500;
Tanjung Karang (TNK);-5,409130;105,260000;
Tanjung Priok (TPK);-6,110690;106,881500;
Tanjung Rajo (TJO);-4,407630;104,462600;
Tanjung Rambang (TJR);-3,544050;104,262000;
Tanjung Selamat (TAS);3,833399;98,333432;
Tanjung Terang (TTR);-3,455500;103,929400;
Tanjungrasa (TJS);-6,408410;107,540700;
Tarahan (THN);-5,507650;105,339800;
Tarik (TRK);-7,459550;112,520400;
Tasikmalaya (TSM);-7,322170;108,223900;
Tebet (TEB);-6,226280;106,858400;
Tebing Tinggi (TBI);3,327098;99,168670;
Tegal (TG);-6,867770;109,142700;
Tegineneng (TGI);-5,202470;105,172100;
Tegowanu (TGW);-7,053200;110,602500;
Telagasari (TLS);-6,257080;107,111500;
Telaga Murni (TLM);-6,464840;108,234800;
Telawa (TW);-7,185450;110,751300;
Teluk Dalam (TUK);2,827594;99,626430;
Teluk Mengkudu (TKE);3,531411;99,089950;
Temuguruh (TGR);-8,309490;114,201700;
Tenjo (TEJ);-6,327130;106,461500;
Terisi (TIS);-6,469850;108,161200;
Tiga Gajah (TJH);-4,110920;104,168600;
Tigaraksa (TGS);-6,329230;106,433300;
Titi Papan (TPP);3,687090;98,668380;
Tobo (TBO);-7,172230;111,655100;
Tonjong Baru (TOJB);-6,030840;106,121900;
Tulangan (TLN);-7,465480;112,651100;
Tulung Buyut (TLY);-4,625890;104,664600;
Tulungagung (TA);-8,062910;111,904600;
Ujanmas (UJM);-3,532090;103,776500;
Ujungnegoro (UJN);-6,908430;109,789300;
Universitas Indonesia (UI);-6,361040;106,831600;
Universitas Pancasila (UP);-6,339290;106,833900;
Wadu (WDU);-7,196160;111,500500;
Walantaka (WLT);-6,155110;106,219000;
Walikukun (WK);-7,398900;111,224500;
Waru (WR);-7,352730;112,729200;
Waruduwur (WDW);-6,783840;108,622400;
Warung Bandrek (WB);-7,064530;108,007500;
Wates (WT);-4,349460;104,386500;
Way Pisang (WAP);-4,349460;104,386500;
Way Tuba (WAY);-4,379510;104,411700;
Weleri (WLR);-6,970520;110,069800;
Wilangan (WLG);-7,564430;111,807500;
Wlingi (WG);-8,087086;112,319925;
Wojo (WJ);-7,861840;110,040300;
Wonogiri (WNG);-7,815720;110,921900;
Wonokerto (WN);-7,662000;112,754900;
Wonokromo (WO);-7,301510;112,739400;
Wonosari (WNS);-7,697180;109,701400;
Yogyakarta (YK);-7,789390;110,362900;
Yogyakarta Internasional Airport (YIA);-7,897410;110,060900;
